{
  "project_info": {
    "project_number": "302849864377",
    "project_id": "mychatapp-4d0f7",
    "storage_bucket": "mychatapp-4d0f7.appspot.com"
  },
  "client": [
    {
      "client_info": {
        "mobilesdk_app_id": "1:302849864377:android:4a76ccea538389a5316168",
        "android_client_info": {
          "package_name": "com.example.chat_app"
        }
      },
      "oauth_client": [
        {
          "client_id": "302849864377-ejgn3afc8p7dpb8arpuh7flhld8onddo.apps.googleusercontent.com",
          "client_type": 3
        }
      ],
      "api_key": [
        {
          "current_key": "AIzaSyCTpqbVdYASHLlItHQYAeHm7tXPeRLyQI8"
        }
      ],
      "services": {
        "appinvite_service": {
          "other_platform_oauth_client": [
            {
              "client_id": "302849864377-ejgn3afc8p7dpb8arpuh7flhld8onddo.apps.googleusercontent.com",
              "client_type": 3
            }
          ]
        }
      }
    }
  ],
  "configuration_version": "1"
}